,Sites
0,site_1
1,site_10
2,site_11
3,site_12
4,site_13
5,site_14
6,site_15
7,site_16
8,site_17
9,site_18
10,site_19
11,site_2
12,site_20
13,site_21
14,site_22
15,site_23
16,site_24
17,site_25
18,site_26
19,site_27
20,site_28
21,site_29
22,site_3
23,site_30
24,site_31
25,site_32
26,site_33
27,site_34
28,site_35
29,site_36
30,site_37
31,site_38
32,site_39
33,site_4
34,site_40
35,site_41
36,site_42
37,site_43
38,site_44
39,site_45
40,site_46
41,site_47
42,site_48
43,site_49
44,site_5
45,site_50
46,site_51
47,site_52
48,site_53
49,site_54
50,site_55
51,site_56
52,site_57
53,site_58
54,site_59
55,site_6
56,site_60
57,site_61
58,site_62
59,site_63
60,site_64
61,site_65
62,site_66
63,site_67
64,site_68
65,site_69
66,site_7
67,site_70
68,site_8
69,site_9
